"month","revenue","sales_volume"
1,81677.73995959759,24870
2,76145.18996280432,23550
3,98834.67994099855,30406
4,118941.0799306035,36469
5,156727.75990879536,48233
6,166485.87990820408,50942
