"store_location","top3_revenue_share"
Astoria,0.20436116821304834
Lower Manhattan,0.20416247578810678
Hell's Kitchen,0.19258100916456203
